date,WML
2015-01-01,0.0
2015-01-02,0.0
2015-01-05,1.51
2015-01-06,-0.08
2015-01-07,0.05
2015-01-08,-0.01
2015-01-09,0.47
2015-01-12,0.84
2015-01-13,-0.21
2015-01-14,0.53
2015-01-15,0.7
2015-01-16,-0.65
2015-01-19,0.04
2015-01-20,-0.26
2015-01-21,-0.65
2015-01-22,-0.57
2015-01-23,0.88
2015-01-26,0.01
2015-01-27,0.47
2015-01-28,1.12
2015-01-29,0.29
2015-01-30,-0.22
2015-02-02,-1.32
2015-02-03,-2.07
2015-02-04,0.41
2015-02-05,-0.62
2015-02-06,-0.01
2015-02-09,-0.26
2015-02-10,0.49
2015-02-11,0.76
2015-02-12,-0.89
2015-02-13,-1.44
2015-02-16,-0.4
2015-02-17,0.34
2015-02-18,-0.6
2015-02-19,0.56
2015-02-20,-0.12
2015-02-23,0.74
2015-02-24,-0.59
2015-02-25,0.25
2015-02-26,0.23
2015-02-27,0.0
2015-03-02,0.36
2015-03-03,-0.15
2015-03-04,0.57
2015-03-05,0.11
2015-03-06,-0.49
2015-03-09,-0.18
2015-03-10,0.5
2015-03-11,0.45
2015-03-12,0.26
2015-03-13,0.81
2015-03-16,0.55
2015-03-17,-0.37
2015-03-18,-0.13
2015-03-19,0.12
2015-03-20,-0.83
2015-03-23,-0.79
2015-03-24,-0.08
2015-03-25,-0.47
2015-03-26,-0.14
2015-03-27,0.32
2015-03-30,0.33
2015-03-31,0.08
2015-04-01,-0.13
2015-04-02,0.07
2015-04-03,-0.03
2015-04-06,0.02
2015-04-07,-0.39
2015-04-08,0.06
2015-04-09,0.24
2015-04-10,0.45
2015-04-13,-0.06
2015-04-14,-0.31
2015-04-15,-0.78
2015-04-16,-0.19
2015-04-17,0.0
2015-04-20,0.33
2015-04-21,1.17
2015-04-22,-0.21
2015-04-23,-0.6
2015-04-24,-0.27
2015-04-27,-0.16
2015-04-28,-1.05
2015-04-29,-0.52
2015-04-30,-0.22
2015-05-01,0.06
2015-05-04,0.25
2015-05-05,-0.56
2015-05-06,-0.62
2015-05-07,1.13
2015-05-08,0.61
2015-05-11,-0.06
2015-05-12,-0.39
2015-05-13,0.0
2015-05-14,0.07
2015-05-15,0.63
2015-05-18,0.33
2015-05-19,0.94
2015-05-20,0.18
2015-05-21,-0.1
2015-05-22,0.28
2015-05-25,0.31
2015-05-26,0.44
2015-05-27,0.13
2015-05-28,0.43
2015-05-29,0.04
2015-06-01,0.56
2015-06-02,-0.81
2015-06-03,-0.5
2015-06-04,0.42
2015-06-05,-0.09
2015-06-08,-0.14
2015-06-09,-0.24
2015-06-10,-0.07
2015-06-11,0.37
2015-06-12,0.52
2015-06-15,-0.18
2015-06-16,0.59
2015-06-17,-0.37
2015-06-18,0.01
2015-06-19,0.09
2015-06-22,0.1
2015-06-23,0.08
2015-06-24,-0.18
2015-06-25,0.42
2015-06-26,0.04
2015-06-29,0.07
2015-06-30,0.54
2015-07-01,0.55
2015-07-02,-0.54
2015-07-03,0.26
2015-07-06,0.52
2015-07-07,0.21
2015-07-08,-0.37
2015-07-09,0.14
2015-07-10,0.24
2015-07-13,0.62
2015-07-14,0.03
2015-07-15,0.38
2015-07-16,-0.04
2015-07-17,0.42
2015-07-20,0.28
2015-07-21,-0.56
2015-07-22,0.42
2015-07-23,0.09
2015-07-24,0.24
2015-07-27,-0.43
2015-07-28,0.29
2015-07-29,0.23
2015-07-30,-0.44
2015-07-31,0.48
2015-08-03,1.15
2015-08-04,0.13
2015-08-05,-0.26
2015-08-06,-0.15
2015-08-07,-0.7
2015-08-10,0.18
2015-08-11,0.28
2015-08-12,-0.82
2015-08-13,1.17
2015-08-14,0.7
2015-08-17,0.12
2015-08-18,0.68
2015-08-19,0.18
2015-08-20,-0.7
2015-08-21,-0.36
2015-08-24,0.69
2015-08-25,0.92
2015-08-26,-0.11
2015-08-27,-0.22
2015-08-28,-0.68
2015-08-31,0.44
2015-09-01,-0.01
2015-09-02,0.62
2015-09-03,0.08
2015-09-04,0.57
2015-09-07,0.22
2015-09-08,0.13
2015-09-09,-0.2
2015-09-10,0.95
2015-09-11,0.0
2015-09-14,0.18
2015-09-15,-0.29
2015-09-16,-0.53
2015-09-17,0.43
2015-09-18,0.84
2015-09-21,0.95
2015-09-22,0.27
2015-09-23,0.24
2015-09-24,0.13
2015-09-25,0.68
2015-09-28,0.5
2015-09-29,-1.29
2015-09-30,-0.14
2015-10-01,-0.04
2015-10-02,-0.77
2015-10-05,-1.07
2015-10-06,-0.57
2015-10-07,-2.25
2015-10-08,-0.63
2015-10-09,-1.36
2015-10-12,0.3
2015-10-13,0.78
2015-10-14,-0.38
2015-10-15,0.71
2015-10-16,0.46
2015-10-19,1.08
2015-10-20,0.54
2015-10-21,0.2
2015-10-22,-0.67
2015-10-23,0.26
2015-10-26,0.36
2015-10-27,1.21
2015-10-28,-0.47
2015-10-29,0.6
2015-10-30,-0.04
2015-11-02,-0.32
2015-11-03,-0.86
2015-11-04,-0.49
2015-11-05,1.18
2015-11-06,0.26
2015-11-09,-0.15
2015-11-10,0.93
2015-11-11,0.48
2015-11-12,0.87
2015-11-13,-0.2
2015-11-16,0.26
2015-11-17,0.04
2015-11-18,-0.64
2015-11-19,-0.08
2015-11-20,0.31
2015-11-23,0.36
2015-11-24,-0.65
2015-11-25,0.64
2015-11-26,-0.32
2015-11-27,0.39
2015-11-30,0.27
2015-12-01,0.08
2015-12-02,0.87
2015-12-03,0.21
2015-12-04,0.53
2015-12-07,1.21
2015-12-08,0.78
2015-12-09,-0.45
2015-12-10,-0.33
2015-12-11,0.63
2015-12-14,0.79
2015-12-15,-0.1
2015-12-16,-0.19
2015-12-17,0.51
2015-12-18,0.02
2015-12-21,0.01
2015-12-22,-0.43
2015-12-23,-1.15
2015-12-24,-0.1
2015-12-25,-0.01
2015-12-28,0.25
2015-12-29,0.54
2015-12-30,0.36
2015-12-31,-0.1
2016-01-01,-0.02
2016-01-04,0.06
2016-01-05,0.06
2016-01-06,0.72
2016-01-07,0.54
2016-01-08,0.58
2016-01-11,0.35
2016-01-12,0.77
2016-01-13,-0.26
2016-01-14,-1.49
2016-01-15,0.41
2016-01-18,0.39
2016-01-19,0.63
2016-01-20,0.56
2016-01-21,-0.87
2016-01-22,-0.84
2016-01-25,1.38
2016-01-26,-1.0
2016-01-27,0.46
2016-01-28,-0.93
2016-01-29,0.39
2016-02-01,0.9
2016-02-02,1.38
2016-02-03,-0.13
2016-02-04,-2.38
2016-02-05,-1.86
2016-02-08,0.13
2016-02-09,1.55
2016-02-10,0.88
2016-02-11,0.73
2016-02-12,-1.9
2016-02-15,-0.79
2016-02-16,0.41
2016-02-17,-1.56
2016-02-18,1.01
2016-02-19,0.98
2016-02-22,-1.16
2016-02-23,1.2
2016-02-24,1.04
2016-02-25,-0.16
2016-02-26,-1.77
2016-02-29,-0.9
2016-03-01,-0.19
2016-03-02,-2.05
2016-03-03,-1.76
2016-03-04,-1.39
2016-03-07,-0.78
2016-03-08,0.98
2016-03-09,0.86
2016-03-10,0.63
2016-03-11,-1.44
2016-03-14,-0.47
2016-03-15,1.28
2016-03-16,0.21
2016-03-17,-0.32
2016-03-18,-0.78
2016-03-21,0.24
2016-03-22,0.22
2016-03-23,1.28
2016-03-24,0.89
2016-03-25,0.0
2016-03-28,-0.02
2016-03-29,0.82
2016-03-30,-0.77
2016-03-31,0.44
2016-04-01,0.76
2016-04-04,0.15
2016-04-05,1.32
2016-04-06,0.11
2016-04-07,0.4
2016-04-08,-1.4
2016-04-11,-0.77
2016-04-12,-0.32
2016-04-13,-2.37
2016-04-14,-0.37
2016-04-15,-0.32
2016-04-18,-0.12
2016-04-19,-0.67
2016-04-20,-1.27
2016-04-21,-1.15
2016-04-22,-0.4
2016-04-25,1.1
2016-04-26,-0.56
2016-04-27,0.1
2016-04-28,-0.34
2016-04-29,1.05
2016-05-02,0.75
2016-05-03,1.87
2016-05-04,0.56
2016-05-05,0.18
2016-05-06,0.12
2016-05-09,1.29
2016-05-10,-0.57
2016-05-11,0.4
2016-05-12,0.36
2016-05-13,0.04
2016-05-16,-0.25
2016-05-17,-0.3
2016-05-18,-0.85
2016-05-19,0.49
2016-05-20,0.15
2016-05-23,0.17
2016-05-24,-0.64
2016-05-25,-1.31
2016-05-26,0.28
2016-05-27,0.17
2016-05-30,-0.05
2016-05-31,0.96
2016-06-01,1.05
2016-06-02,-0.41
2016-06-03,0.88
2016-06-06,-0.16
2016-06-07,-0.59
2016-06-08,0.1
2016-06-09,0.51
2016-06-10,0.93
2016-06-13,0.61
2016-06-14,0.54
2016-06-15,-0.3
2016-06-16,0.47
2016-06-17,-1.9
2016-06-20,-0.64
2016-06-21,0.08
2016-06-22,-0.41
2016-06-23,-0.63
2016-06-24,4.56
2016-06-27,2.17
2016-06-28,-0.37
2016-06-29,-0.17
2016-06-30,0.42
2016-07-01,0.07
2016-07-04,0.52
2016-07-05,1.69
2016-07-06,1.09
2016-07-07,-0.6
2016-07-08,-1.31
2016-07-11,-0.77
2016-07-12,-1.91
2016-07-13,0.82
2016-07-14,-0.81
2016-07-15,0.15
2016-07-18,0.0
2016-07-19,0.71
2016-07-20,-0.18
2016-07-21,-0.62
2016-07-22,0.51
2016-07-25,0.13
2016-07-26,0.19
2016-07-27,-1.41
2016-07-28,1.09
2016-07-29,-0.26
2016-08-01,0.63
2016-08-02,1.13
2016-08-03,-0.64
2016-08-04,0.16
2016-08-05,-1.15
2016-08-08,-0.6
2016-08-09,-0.01
2016-08-10,-0.22
2016-08-11,0.44
2016-08-12,-0.32
2016-08-15,0.17
2016-08-16,0.02
2016-08-17,0.17
2016-08-18,-0.1
2016-08-19,0.45
2016-08-22,-0.28
2016-08-23,-1.0
2016-08-24,-0.85
2016-08-25,0.54
2016-08-26,-0.03
2016-08-29,0.29
2016-08-30,-0.52
2016-08-31,-0.72
2016-09-01,-0.4
2016-09-02,0.03
2016-09-05,0.25
2016-09-06,0.3
2016-09-07,0.28
2016-09-08,-1.05
2016-09-09,-0.68
2016-09-12,0.67
2016-09-13,0.44
2016-09-14,0.48
2016-09-15,0.33
2016-09-16,0.48
2016-09-19,0.29
2016-09-20,0.44
2016-09-21,-0.37
2016-09-22,0.19
2016-09-23,0.55
2016-09-26,0.88
2016-09-27,0.42
2016-09-28,-0.15
2016-09-29,-0.15
2016-09-30,0.21
2016-10-03,0.09
2016-10-04,-0.2
2016-10-05,-0.65
2016-10-06,0.09
2016-10-07,0.53
2016-10-10,0.27
2016-10-11,-0.42
2016-10-12,0.06
2016-10-13,0.81
2016-10-14,-0.38
2016-10-17,0.3
2016-10-18,-0.56
2016-10-19,0.09
2016-10-20,-0.6
2016-10-21,0.08
2016-10-24,-0.45
2016-10-25,0.2
2016-10-26,-0.68
2016-10-27,-0.58
2016-10-28,0.26
2016-10-31,0.53
2016-11-01,-0.13
2016-11-02,0.35
2016-11-03,-1.24
2016-11-04,0.29
2016-11-07,-0.03
2016-11-08,0.25
2016-11-09,-0.43
2016-11-10,-1.35
2016-11-11,-0.85
2016-11-14,-0.48
2016-11-15,0.46
2016-11-16,0.6
2016-11-17,0.0
2016-11-18,0.27
2016-11-21,0.75
2016-11-22,0.26
2016-11-23,0.17
2016-11-24,0.14
2016-11-25,-0.23
2016-11-28,0.52
2016-11-29,-0.66
2016-11-30,0.22
2016-12-01,0.06
2016-12-02,-0.08
2016-12-05,0.39
2016-12-06,-0.94
2016-12-07,-0.21
2016-12-08,-0.42
2016-12-09,-0.29
2016-12-12,0.54
2016-12-13,-0.85
2016-12-14,0.09
2016-12-15,-0.75
2016-12-16,-0.16
2016-12-19,-0.13
2016-12-20,-0.17
2016-12-21,0.24
2016-12-22,0.12
2016-12-23,-0.1
2016-12-26,0.01
2016-12-27,0.05
2016-12-28,0.52
2016-12-29,-0.02
2016-12-30,-0.08
2017-01-02,0.01
2017-01-03,0.13
2017-01-04,-0.36
2017-01-05,-0.37
2017-01-06,0.12
2017-01-09,0.15
2017-01-10,0.47
2017-01-11,0.35
2017-01-12,0.54
2017-01-13,0.18
2017-01-16,0.3
2017-01-17,-0.71
2017-01-18,0.37
2017-01-19,0.0
2017-01-20,0.36
2017-01-23,0.01
2017-01-24,0.88
2017-01-25,0.37
2017-01-26,0.15
2017-01-27,-0.09
2017-01-30,-0.51
2017-01-31,-0.15
2017-02-01,0.37
2017-02-02,0.23
2017-02-03,-0.06
2017-02-06,-0.09
2017-02-07,-0.53
2017-02-08,-1.09
2017-02-09,0.2
2017-02-10,0.39
2017-02-13,0.41
2017-02-14,0.17
2017-02-15,0.09
2017-02-16,-0.21
2017-02-17,-0.85
2017-02-20,0.15
2017-02-21,-0.02
2017-02-22,-0.43
2017-02-23,-0.42
2017-02-24,-0.61
2017-02-27,0.16
2017-02-28,0.0
2017-03-01,0.78
2017-03-02,-0.27
2017-03-03,0.11
2017-03-06,-0.31
2017-03-07,0.3
2017-03-08,0.23
2017-03-09,-0.75
2017-03-10,0.17
2017-03-13,0.24
2017-03-14,0.01
2017-03-15,0.46
2017-03-16,-0.04
2017-03-17,-0.38
2017-03-20,-0.06
2017-03-21,-0.38
2017-03-22,0.15
2017-03-23,-0.16
2017-03-24,0.13
2017-03-27,-0.69
2017-03-28,0.65
2017-03-29,0.16
2017-03-30,0.09
2017-03-31,-0.5
2017-04-03,0.0
2017-04-04,0.36
2017-04-05,0.09
2017-04-06,0.07
2017-04-07,0.1
2017-04-10,-0.16
2017-04-11,-0.35
2017-04-12,-0.41
2017-04-13,-0.3
2017-04-14,-0.04
2017-04-17,0.0
2017-04-18,-0.68
2017-04-19,0.1
2017-04-20,0.37
2017-04-21,0.18
2017-04-24,1.0
2017-04-25,0.49
2017-04-26,0.08
2017-04-27,-0.44
2017-04-28,0.35
2017-05-01,0.12
2017-05-02,-0.14
2017-05-03,-0.25
2017-05-04,-0.11
2017-05-05,0.06
2017-05-08,-0.68
2017-05-09,-0.02
2017-05-10,0.08
2017-05-11,0.4
2017-05-12,-0.51
2017-05-15,0.6
2017-05-16,0.18
2017-05-17,-0.6
2017-05-18,-0.14
2017-05-19,0.31
2017-05-22,-0.3
2017-05-23,0.33
2017-05-24,0.1
2017-05-25,0.09
2017-05-26,0.24
2017-05-29,0.09
2017-05-30,0.12
2017-05-31,-0.27
2017-06-01,0.19
2017-06-02,0.43
2017-06-05,-0.11
2017-06-06,0.15
2017-06-07,0.38
2017-06-08,0.21
2017-06-09,0.84
2017-06-12,-0.82
2017-06-13,0.18
2017-06-14,-0.42
2017-06-15,-0.18
2017-06-16,0.11
2017-06-19,0.5
2017-06-20,-0.28
2017-06-21,0.2
2017-06-22,-0.28
2017-06-23,-0.11
2017-06-26,0.06
2017-06-27,0.39
2017-06-28,0.33
2017-06-29,0.01
2017-06-30,0.06
2017-07-03,0.57
2017-07-04,-0.38
2017-07-05,0.35
2017-07-06,0.29
2017-07-07,0.1
2017-07-10,0.38
2017-07-11,0.51
2017-07-12,-0.3
2017-07-13,-0.01
2017-07-14,-0.28
2017-07-17,-0.12
2017-07-18,-0.38
2017-07-19,0.03
2017-07-20,-0.05
2017-07-21,-0.23
2017-07-24,0.55
2017-07-25,0.66
2017-07-26,-0.01
2017-07-27,-0.09
2017-07-28,0.04
2017-07-31,0.34
2017-08-01,0.2
2017-08-02,-0.15
2017-08-03,0.18
2017-08-04,0.12
2017-08-07,0.54
2017-08-08,0.25
2017-08-09,-0.62
2017-08-10,-0.19
2017-08-11,-0.3
2017-08-14,0.56
2017-08-15,0.19
2017-08-16,0.46
2017-08-17,-0.23
2017-08-18,0.38
2017-08-21,-0.12
2017-08-22,0.18
2017-08-23,0.04
2017-08-24,0.17
2017-08-25,0.18
2017-08-28,-0.16
2017-08-29,-0.35
2017-08-30,0.26
2017-08-31,0.17
2017-09-01,0.36
2017-09-04,0.01
2017-09-05,-0.53
2017-09-06,-0.1
2017-09-07,-0.16
2017-09-08,0.05
2017-09-11,0.61
2017-09-12,0.38
2017-09-13,-0.09
2017-09-14,-0.21
2017-09-15,-0.42
2017-09-18,0.57
2017-09-19,0.25
2017-09-20,-0.19
2017-09-21,0.36
2017-09-22,0.21
2017-09-25,-1.12
2017-09-26,-0.14
2017-09-27,0.61
2017-09-28,0.12
2017-09-29,0.16
2017-10-02,0.26
2017-10-03,0.05
2017-10-04,-0.07
2017-10-05,0.21
2017-10-06,-0.22
2017-10-09,-0.04
2017-10-10,0.12
2017-10-11,0.27
2017-10-12,0.11
2017-10-13,0.14
2017-10-16,0.06
2017-10-17,0.05
2017-10-18,-0.01
2017-10-19,-0.25
2017-10-20,0.31
2017-10-23,0.15
2017-10-24,0.52
2017-10-25,0.63
2017-10-26,0.22
2017-10-27,-0.26
2017-10-30,0.08
2017-10-31,0.11
2017-11-01,0.49
2017-11-02,0.0
2017-11-03,0.17
2017-11-06,-0.23
2017-11-07,0.15
2017-11-08,-0.32
2017-11-09,-0.81
2017-11-10,0.45
2017-11-13,-0.04
2017-11-14,0.57
2017-11-15,-0.19
2017-11-16,0.27
2017-11-17,-0.1
2017-11-20,0.22
2017-11-21,0.44
2017-11-22,-0.42
2017-11-23,0.29
2017-11-24,0.3
2017-11-27,-0.01
2017-11-28,-0.31
2017-11-29,-0.57
2017-11-30,0.25
2017-12-01,-0.52
2017-12-04,0.07
2017-12-05,0.07
2017-12-06,-0.04
2017-12-07,0.15
2017-12-08,-0.01
2017-12-11,-0.25
2017-12-12,-0.4
2017-12-13,0.0
2017-12-14,-0.09
2017-12-15,0.22
2017-12-18,0.35
2017-12-19,0.13
2017-12-20,-0.12
2017-12-21,-0.27
2017-12-22,-0.14
2017-12-25,0.03
2017-12-26,-0.01
2017-12-27,-0.09
2017-12-28,-0.04
2017-12-29,-0.28
2018-01-01,0.01
2018-01-02,-0.14
2018-01-03,0.39
2018-01-04,0.31
2018-01-05,0.05
2018-01-08,0.07
2018-01-09,0.03
2018-01-10,-0.01
2018-01-11,-0.01
2018-01-12,-0.17
2018-01-15,-0.19
2018-01-16,0.35
2018-01-17,0.48
2018-01-18,0.24
2018-01-19,0.64
2018-01-22,-0.16
2018-01-23,-0.19
2018-01-24,-0.4
2018-01-25,-0.12
2018-01-26,0.4
2018-01-29,0.22
2018-01-30,-0.05
2018-01-31,0.46
2018-02-01,0.01
2018-02-02,-0.49
2018-02-05,-0.2
2018-02-06,0.18
2018-02-07,0.71
2018-02-08,-1.28
2018-02-09,-0.34
2018-02-12,0.34
2018-02-13,0.12
2018-02-14,0.39
2018-02-15,0.34
2018-02-16,-0.05
2018-02-19,0.0
2018-02-20,0.12
2018-02-21,0.52
2018-02-22,-0.01
2018-02-23,-0.15
2018-02-26,0.28
2018-02-27,0.01
2018-02-28,0.06
2018-03-01,-0.52
2018-03-02,-0.45
2018-03-05,-0.1
2018-03-06,0.43
2018-03-07,0.22
2018-03-08,-0.11
2018-03-09,0.03
2018-03-12,0.22
2018-03-13,0.25
2018-03-14,0.02
2018-03-15,0.46
2018-03-16,-0.13
2018-03-19,0.05
2018-03-20,0.75
2018-03-21,0.25
2018-03-22,-0.45
2018-03-23,-0.3
2018-03-26,0.14
2018-03-27,0.02
2018-03-28,-1.28
2018-03-29,0.15
2018-03-30,0.0
2018-04-02,-0.05
2018-04-03,0.51
2018-04-04,-0.61
2018-04-05,0.31
2018-04-06,-0.27
2018-04-09,0.15
2018-04-10,0.58
2018-04-11,0.0
2018-04-12,0.09
2018-04-13,-0.12
2018-04-16,-0.02
2018-04-17,0.14
2018-04-18,0.29
2018-04-19,-0.06
2018-04-20,-0.38
2018-04-23,0.19
2018-04-24,0.3
2018-04-25,-0.67
2018-04-26,0.21
2018-04-27,-0.01
2018-04-30,-0.37
2018-05-01,0.06
2018-05-02,0.74
2018-05-03,0.11
2018-05-04,-0.07
2018-05-07,0.14
2018-05-08,-0.32
2018-05-09,-0.11
2018-05-10,0.45
2018-05-11,0.23
2018-05-14,-0.22
2018-05-15,0.41
2018-05-16,0.22
2018-05-17,-0.06
2018-05-18,-0.16
2018-05-21,0.32
2018-05-22,-0.38
2018-05-23,-0.67
2018-05-24,1.36
2018-05-25,-1.86
2018-05-28,0.08
2018-05-29,0.22
2018-05-30,0.59
2018-05-31,0.59
2018-06-01,-0.04
2018-06-04,-0.01
2018-06-05,0.25
2018-06-06,0.37
2018-06-07,-0.09
2018-06-08,0.11
2018-06-11,0.05
2018-06-12,-0.41
2018-06-13,0.33
2018-06-14,0.08
2018-06-15,-0.46
2018-06-18,0.34
2018-06-19,-0.63
2018-06-20,-0.27
2018-06-21,-0.34
2018-06-22,0.25
2018-06-25,-0.59
2018-06-26,0.5
2018-06-27,0.7
2018-06-28,-0.37
2018-06-29,0.13
2018-07-02,-0.25
2018-07-03,-0.17
2018-07-04,-0.5
2018-07-05,0.25
2018-07-06,0.03
2018-07-09,0.29
2018-07-10,0.72
2018-07-11,-0.21
2018-07-12,0.3
2018-07-13,0.43
2018-07-16,-0.31
2018-07-17,0.27
2018-07-18,0.04
2018-07-19,-0.24
2018-07-20,-0.32
2018-07-23,-0.16
2018-07-24,0.03
2018-07-25,0.06
2018-07-26,-0.52
2018-07-27,-0.34
2018-07-30,-0.39
2018-07-31,-0.01
2018-08-01,0.05
2018-08-02,0.41
2018-08-03,-0.03
2018-08-06,0.37
2018-08-07,-0.04
2018-08-08,-0.32
2018-08-09,0.35
2018-08-10,0.4
2018-08-13,0.47
2018-08-14,0.05
2018-08-15,-0.3
2018-08-16,0.19
2018-08-17,-0.24
2018-08-20,0.18
2018-08-21,-0.25
2018-08-22,0.19
2018-08-23,0.32
2018-08-24,0.15
2018-08-27,-0.1
2018-08-28,0.24
2018-08-29,0.28
2018-08-30,0.57
2018-08-31,0.04
2018-09-03,0.46
2018-09-04,-0.23
2018-09-05,-0.74
2018-09-06,-0.15
2018-09-07,0.35
2018-09-10,-0.18
2018-09-11,0.92
2018-09-12,0.28
2018-09-13,-0.49
2018-09-14,-0.04
2018-09-17,-0.44
2018-09-18,-0.05
2018-09-19,-0.46
2018-09-20,-0.42
2018-09-21,0.0
2018-09-24,0.54
2018-09-25,0.81
2018-09-26,0.12
2018-09-27,0.04
2018-09-28,0.8
2018-10-01,0.58
2018-10-02,0.13
2018-10-03,-0.21
2018-10-04,-0.72
2018-10-05,-0.1
2018-10-08,-0.53
2018-10-09,0.11
2018-10-10,-1.72
2018-10-11,-0.24
2018-10-12,0.48
2018-10-15,-0.23
2018-10-16,0.54
2018-10-17,0.26
2018-10-18,0.5
2018-10-19,0.78
2018-10-22,-0.19
2018-10-23,-0.51
2018-10-24,0.76
2018-10-25,-0.14
2018-10-26,-0.3
2018-10-29,-0.63
2018-10-30,-0.18
2018-10-31,0.9
2018-11-01,-1.14
2018-11-02,-0.38
2018-11-05,0.53
2018-11-06,0.1
2018-11-07,-0.13
2018-11-08,0.46
2018-11-09,0.19
2018-11-12,0.92
2018-11-13,-0.79
2018-11-14,-0.3
2018-11-15,0.28
2018-11-16,0.42
2018-11-19,-0.43
2018-11-20,-0.02
2018-11-21,-0.54
2018-11-22,-0.16
2018-11-23,-0.52
2018-11-26,-0.8
2018-11-27,0.08
2018-11-28,-0.11
2018-11-29,0.31
2018-11-30,0.4
2018-12-03,0.14
2018-12-04,1.34
2018-12-05,-0.35
2018-12-06,0.62
2018-12-07,1.0
2018-12-10,0.56
2018-12-11,0.06
2018-12-12,-0.52
2018-12-13,0.21
2018-12-14,0.59
2018-12-17,0.35
2018-12-18,-0.56
2018-12-19,0.46
2018-12-20,0.57
2018-12-21,-0.2
2018-12-24,0.08
2018-12-25,0.0
2018-12-26,0.0
2018-12-27,-0.29
2018-12-28,-0.34
2018-12-31,0.08
2019-01-01,-0.01
2019-01-02,0.14
2019-01-03,0.43
2019-01-04,-1.58
2019-01-07,-0.61
2019-01-08,-0.58
2019-01-09,-0.48
2019-01-10,-0.1
2019-01-11,0.05
2019-01-14,0.06
2019-01-15,0.52
2019-01-16,-0.96
2019-01-17,0.46
2019-01-18,-0.78
2019-01-21,0.21
2019-01-22,0.33
2019-01-23,0.21
2019-01-24,-0.38
2019-01-25,-1.24
2019-01-28,0.41
2019-01-29,0.64
2019-01-30,-0.25
2019-01-31,0.81
2019-02-01,-0.18
2019-02-04,0.4
2019-02-05,0.02
2019-02-06,-0.54
2019-02-07,1.45
2019-02-08,1.1
2019-02-11,-0.37
2019-02-12,-0.73
2019-02-13,-0.36
2019-02-14,0.51
2019-02-15,-0.77
2019-02-18,-0.23
2019-02-19,0.26
2019-02-20,-0.75
2019-02-21,0.39
2019-02-22,0.21
2019-02-25,-0.66
2019-02-26,0.11
2019-02-27,-0.16
2019-02-28,-0.59
2019-03-01,-0.54
2019-03-04,0.09
2019-03-05,0.67
2019-03-06,-0.06
2019-03-07,1.56
2019-03-08,0.71
2019-03-11,-0.12
2019-03-12,0.01
2019-03-13,0.06
2019-03-14,0.14
2019-03-15,-0.36
2019-03-18,-0.34
2019-03-19,-0.34
2019-03-20,0.83
2019-03-21,0.59
2019-03-22,1.05
2019-03-25,0.36
2019-03-26,0.51
2019-03-27,-0.44
2019-03-28,0.66
2019-03-29,-0.51
2019-04-01,-0.82
2019-04-02,-0.23
2019-04-03,-0.76
2019-04-04,-0.56
2019-04-05,-0.02
2019-04-08,0.23
2019-04-09,0.03
2019-04-10,0.2
2019-04-11,-0.67
2019-04-12,-1.19
2019-04-15,-0.41
2019-04-16,-0.46
2019-04-17,-1.17
2019-04-18,0.01
2019-04-19,-0.02
2019-04-22,-0.05
2019-04-23,0.75
2019-04-24,0.74
2019-04-25,0.27
2019-04-26,0.07
2019-04-29,-0.49
2019-04-30,0.49
2019-05-01,-0.06
2019-05-02,-0.1
2019-05-03,0.39
2019-05-06,0.61
2019-05-07,1.21
2019-05-08,0.05
2019-05-09,0.67
2019-05-10,0.11
2019-05-13,1.24
2019-05-14,0.34
2019-05-15,0.45
2019-05-16,0.49
2019-05-17,0.34
2019-05-20,0.56
2019-05-21,-0.16
2019-05-22,0.73
2019-05-23,0.89
2019-05-24,0.41
2019-05-27,-0.1
2019-05-28,0.11
2019-05-29,0.15
2019-05-30,0.15
2019-05-31,0.45
2019-06-03,0.63
2019-06-04,-1.27
2019-06-05,0.33
2019-06-06,0.42
2019-06-07,0.1
2019-06-10,-0.49
2019-06-11,-0.35
2019-06-12,0.95
2019-06-13,0.18
2019-06-14,0.45
2019-06-17,0.56
2019-06-18,-0.12
2019-06-19,-0.78
2019-06-20,0.19
2019-06-21,-0.15
2019-06-24,0.83
2019-06-25,0.35
2019-06-26,-1.0
2019-06-27,-0.74
2019-06-28,-0.35
2019-07-01,-0.33
2019-07-02,0.8
2019-07-03,-0.02
2019-07-04,-0.39
2019-07-05,-0.54
2019-07-08,0.53
2019-07-09,0.77
2019-07-10,-0.16
2019-07-11,0.09
2019-07-12,-0.23
2019-07-15,0.21
2019-07-16,-0.39
2019-07-17,1.07
2019-07-18,0.36
2019-07-19,0.14
2019-07-22,0.07
2019-07-23,-1.26
2019-07-24,-0.24
2019-07-25,0.15
2019-07-26,0.29
2019-07-29,0.35
2019-07-30,0.71
2019-07-31,-0.03
2019-08-01,0.27
2019-08-02,0.37
2019-08-05,-0.03
2019-08-06,0.32
2019-08-07,0.39
2019-08-08,0.0
2019-08-09,0.5
2019-08-12,1.01
2019-08-13,-0.56
2019-08-14,1.04
2019-08-15,0.68
2019-08-16,-0.65
2019-08-19,-0.12
2019-08-20,0.71
2019-08-21,-0.13
2019-08-22,-0.92
2019-08-23,0.55
2019-08-26,-0.17
2019-08-27,0.26
2019-08-28,0.16
2019-08-29,-0.23
2019-08-30,-0.28
2019-09-02,0.37
2019-09-03,0.37
2019-09-04,-0.65
2019-09-05,-1.82
2019-09-06,0.2
2019-09-09,-2.09
2019-09-10,-2.39
2019-09-11,-0.3
2019-09-12,0.39
2019-09-13,-1.8
2019-09-16,-0.36
2019-09-17,1.74
2019-09-18,0.52
2019-09-19,-0.22
2019-09-20,0.06
2019-09-23,1.25
2019-09-24,1.12
2019-09-25,-0.18
2019-09-26,0.9
2019-09-27,-0.71
2019-09-30,-0.03
2019-10-01,0.04
2019-10-02,0.36
2019-10-03,0.7
2019-10-04,0.48
2019-10-07,0.11
2019-10-08,0.27
2019-10-09,0.14
2019-10-10,-0.64
2019-10-11,-1.2
2019-10-14,0.25
2019-10-15,-0.35
2019-10-16,-0.6
2019-10-17,-0.09
2019-10-18,-0.12
2019-10-21,-1.11
2019-10-22,0.35
2019-10-23,-0.64
2019-10-24,0.78
2019-10-25,-0.05
2019-10-28,-0.08
2019-10-29,0.23
2019-10-30,1.14
2019-10-31,0.25
2019-11-01,-0.26
2019-11-04,-0.88
2019-11-05,-0.95
2019-11-06,0.27
2019-11-07,-1.0
2019-11-08,0.66
2019-11-11,0.23
2019-11-12,0.08
2019-11-13,0.98
2019-11-14,0.42
2019-11-15,0.23
2019-11-18,0.57
2019-11-19,-0.17
2019-11-20,0.29
2019-11-21,-0.22
2019-11-22,-0.16
2019-11-25,0.3
2019-11-26,0.77
2019-11-27,-0.07
2019-11-28,-0.1
2019-11-29,0.17
2019-12-02,-0.43
2019-12-03,0.34
2019-12-04,0.38
2019-12-05,0.19
2019-12-06,0.1
2019-12-09,-0.01
2019-12-10,0.05
2019-12-11,0.14
2019-12-12,-0.47
2019-12-13,0.36
2019-12-16,0.15
2019-12-17,-0.06
2019-12-18,-0.05
2019-12-19,0.2
2019-12-20,0.5
2019-12-23,0.11
2019-12-24,0.11
2019-12-25,0.0
2019-12-26,-0.01
2019-12-27,0.25
2019-12-30,-0.32
2019-12-31,0.08
2020-01-01,0.01
2020-01-02,-0.11
2020-01-03,0.06
2020-01-06,-0.27
2020-01-07,0.21
2020-01-08,0.13
2020-01-09,0.55
2020-01-10,-0.1
2020-01-13,0.32
2020-01-14,0.49
2020-01-15,0.44
2020-01-16,-0.11
2020-01-17,0.4
2020-01-20,0.03
2020-01-21,0.6
2020-01-22,0.49
2020-01-23,0.13
2020-01-24,0.6
2020-01-27,-0.38
2020-01-28,-0.01
2020-01-29,0.35
2020-01-30,0.17
2020-01-31,0.11
2020-02-03,0.52
2020-02-04,0.37
2020-02-05,-0.2
2020-02-06,-0.2
2020-02-07,0.25
2020-02-10,0.48
2020-02-11,0.29
2020-02-12,-0.34
2020-02-13,0.77
2020-02-14,0.22
2020-02-17,0.01
2020-02-18,0.58
2020-02-19,0.69
2020-02-20,-0.36
2020-02-21,0.42
2020-02-24,-0.63
2020-02-25,0.08
2020-02-26,0.06
2020-02-27,-0.28
2020-02-28,-0.51
2020-03-02,1.06
2020-03-03,2.0
2020-03-04,0.6
2020-03-05,0.49
2020-03-06,-0.49
2020-03-09,1.89
2020-03-10,-0.14
2020-03-11,-0.29
2020-03-12,0.27
2020-03-13,-0.03
2020-03-16,-0.7
2020-03-17,-0.8
2020-03-18,-0.47
2020-03-19,0.47
2020-03-20,-0.78
2020-03-23,-0.71
2020-03-24,-1.18
2020-03-25,-0.42
2020-03-26,0.92
2020-03-27,1.45
2020-03-30,1.33
2020-03-31,-0.59
2020-04-01,0.54
2020-04-02,-0.94
2020-04-03,1.36
2020-04-06,-1.65
2020-04-07,-1.98
2020-04-08,0.1
2020-04-09,-0.94
2020-04-10,-0.02
2020-04-13,-0.07
2020-04-14,2.09
2020-04-15,3.56
2020-04-16,1.5
2020-04-17,-2.13
2020-04-20,1.09
2020-04-21,2.34
2020-04-22,-0.56
2020-04-23,-1.4
2020-04-24,1.22
2020-04-27,-1.08
2020-04-28,-2.08
2020-04-29,-4.25
2020-04-30,1.56
2020-05-01,0.77
2020-05-04,1.76
2020-05-05,-0.32
2020-05-06,1.36
2020-05-07,-0.37
2020-05-08,-0.44
2020-05-11,1.19
2020-05-12,1.22
2020-05-13,2.18
2020-05-14,-0.25
2020-05-15,0.13
2020-05-18,-2.87
2020-05-19,0.68
2020-05-20,0.33
2020-05-21,0.52
2020-05-22,0.57
2020-05-25,-0.62
2020-05-26,-3.7
2020-05-27,-3.88
2020-05-28,0.74
2020-05-29,2.7
2020-06-01,-1.46
2020-06-02,-2.38
2020-06-03,-2.94
2020-06-04,-0.5
2020-06-05,-4.32
2020-06-08,-2.22
2020-06-09,2.54
2020-06-10,2.31
2020-06-11,3.66
2020-06-12,-0.88
2020-06-15,0.66
2020-06-16,-1.05
2020-06-17,1.92
2020-06-18,0.4
2020-06-19,0.73
2020-06-22,0.79
2020-06-23,-0.38
2020-06-24,1.57
2020-06-25,0.47
2020-06-26,0.76
2020-06-29,-0.93
2020-06-30,0.62
2020-07-01,0.8
2020-07-02,-0.65
2020-07-03,0.72
2020-07-06,-0.36
2020-07-07,0.61
2020-07-08,1.12
2020-07-09,1.14
2020-07-10,-0.66
2020-07-13,-0.5
2020-07-14,-0.33
2020-07-15,-0.5
2020-07-16,0.28
2020-07-17,0.98
2020-07-20,1.25
2020-07-21,-1.21
2020-07-22,1.1
2020-07-23,0.32
2020-07-24,-0.61
2020-07-27,1.86
2020-07-28,-0.6
2020-07-29,0.13
2020-07-30,0.65
2020-07-31,0.77
2020-08-03,0.62
2020-08-04,-1.63
2020-08-05,-0.83
2020-08-06,0.8
2020-08-07,0.88
2020-08-10,-1.36
2020-08-11,-1.9
2020-08-12,0.32
2020-08-13,0.95
2020-08-14,0.01
2020-08-17,1.63
2020-08-18,0.38
2020-08-19,0.15
2020-08-20,0.65
2020-08-21,0.35
2020-08-24,-0.83
2020-08-25,0.37
2020-08-26,0.6
2020-08-27,-0.72
2020-08-28,-0.42
2020-08-31,1.11
2020-09-01,0.91
2020-09-02,0.17
2020-09-03,-2.46
2020-09-04,-1.25
2020-09-07,0.6
2020-09-08,0.08
2020-09-09,0.94
2020-09-10,-0.3
2020-09-11,0.62
2020-09-14,0.09
2020-09-15,0.54
2020-09-16,-0.16
2020-09-17,0.29
2020-09-18,2.2
2020-09-21,1.59
2020-09-22,0.56
2020-09-23,0.38
2020-09-24,0.35
2020-09-25,0.49
2020-09-28,-1.06
2020-09-29,1.53
2020-09-30,-0.46
2020-10-01,1.06
2020-10-02,-0.32
2020-10-05,-0.61
2020-10-06,-2.18
2020-10-07,0.83
2020-10-08,-0.94
2020-10-09,0.64
2020-10-12,1.36
2020-10-13,1.56
2020-10-14,0.24
2020-10-15,0.17
2020-10-16,0.1
2020-10-19,-0.75
2020-10-20,-0.7
2020-10-21,0.16
2020-10-22,-0.61
2020-10-23,-1.63
2020-10-26,0.24
2020-10-27,2.21
2020-10-28,0.28
2020-10-29,0.99
2020-10-30,-0.55
2020-11-02,-0.57
2020-11-03,-1.07
2020-11-04,1.55
2020-11-05,0.77
2020-11-06,0.58
2020-11-09,-10.87
2020-11-10,-5.19
2020-11-11,1.2
2020-11-12,0.87
2020-11-13,-0.78
2020-11-16,-3.43
2020-11-17,-0.42
2020-11-18,-0.3
2020-11-19,1.39
2020-11-20,0.47
2020-11-23,-1.61
2020-11-24,-3.67
2020-11-25,0.83
2020-11-26,1.0
2020-11-27,0.83
2020-11-30,2.02
2020-12-01,-1.81
2020-12-02,-0.64
2020-12-03,-1.0
2020-12-04,-0.99
2020-12-07,0.94
2020-12-08,0.88
2020-12-09,-0.49
2020-12-10,0.55
2020-12-11,1.3
2020-12-14,0.08
2020-12-15,-0.62
2020-12-16,0.35
2020-12-17,0.38
2020-12-18,1.13
2020-12-21,1.7
2020-12-22,0.14
2020-12-23,-1.11
2020-12-24,-0.21
2020-12-25,-0.06
2020-12-28,0.6
2020-12-29,0.13
2020-12-30,0.08
2020-12-31,0.39
2021-01-01,-0.01
2021-01-04,1.69
2021-01-05,-0.32
2021-01-06,-1.91
2021-01-07,0.41
2021-01-08,0.33
2021-01-11,0.3
2021-01-12,-0.4
2021-01-13,0.1
2021-01-14,-0.07
2021-01-15,-0.74
2021-01-18,0.52
2021-01-19,0.31
2021-01-20,0.43
2021-01-21,1.36
2021-01-22,0.83
2021-01-25,0.76
2021-01-26,-0.6
2021-01-27,-1.26
2021-01-28,0.4
2021-01-29,0.56
2021-02-01,1.06
2021-02-02,-0.19
2021-02-03,0.15
2021-02-04,-0.65
2021-02-05,-0.33
2021-02-08,0.23
2021-02-09,-0.14
2021-02-10,0.07
2021-02-11,1.18
2021-02-12,0.28
2021-02-15,-0.82
2021-02-16,0.44
2021-02-17,-0.44
2021-02-18,-0.09
2021-02-19,0.87
2021-02-22,-1.44
2021-02-23,-2.31
2021-02-24,-0.08
2021-02-25,0.08
2021-02-26,-0.27
2021-03-01,0.49
2021-03-02,-0.09
2021-03-03,-0.46
2021-03-04,-2.02
2021-03-05,-0.83
2021-03-08,0.06
2021-03-09,1.15
2021-03-10,-0.45
2021-03-11,1.29
2021-03-12,-0.8
2021-03-15,-0.12
2021-03-16,0.19
2021-03-17,-0.39
2021-03-18,0.47
2021-03-19,-0.23
2021-03-22,0.23
2021-03-23,-0.76
2021-03-24,0.2
2021-03-25,-0.28
2021-03-26,1.06
2021-03-29,-0.76
2021-03-30,0.53
2021-03-31,0.51
2021-04-01,0.57
2021-04-02,-0.01
2021-04-05,-0.1
2021-04-06,0.53
2021-04-07,-0.19
2021-04-08,-0.31
2021-04-09,0.15
2021-04-12,-0.33
2021-04-13,0.75
2021-04-14,0.18
2021-04-15,0.17
2021-04-16,0.85
2021-04-19,-1.13
2021-04-20,-0.84
2021-04-21,0.01
2021-04-22,0.45
2021-04-23,0.98
2021-04-26,0.78
2021-04-27,0.34
2021-04-28,-0.2
2021-04-29,-0.45
2021-04-30,-0.46
2021-05-03,0.11
2021-05-04,-1.24
2021-05-05,1.21
2021-05-06,-0.69
2021-05-07,0.74
2021-05-10,-0.35
2021-05-11,-0.74
2021-05-12,-0.88
2021-05-13,0.06
2021-05-14,0.41
2021-05-17,-0.44
2021-05-18,0.71
2021-05-19,-0.63
2021-05-20,0.72
2021-05-21,0.06
2021-05-24,0.57
2021-05-25,0.68
2021-05-26,0.1
2021-05-27,0.95
2021-05-28,0.24
2021-05-31,0.33
2021-06-01,0.68
2021-06-02,-0.16
2021-06-03,-0.23
2021-06-04,0.03
2021-06-07,-0.1
2021-06-08,-0.24
2021-06-09,-0.65
2021-06-10,-0.36
2021-06-11,0.01
2021-06-14,-0.12
2021-06-15,-0.37
2021-06-16,-0.39
2021-06-17,-0.18
2021-06-18,-0.73
2021-06-21,0.6
2021-06-22,0.41
2021-06-23,0.0
2021-06-24,0.34
2021-06-25,0.01
2021-06-28,-0.55
2021-06-29,0.51
2021-06-30,-0.26
2021-07-01,0.06
2021-07-02,0.25
2021-07-05,0.52
2021-07-06,-0.87
2021-07-07,-0.09
2021-07-08,-0.96
2021-07-09,1.2
2021-07-12,0.17
2021-07-13,-0.07
2021-07-14,0.42
2021-07-15,-0.09
2021-07-16,-1.0
2021-07-19,-1.08
2021-07-20,0.55
2021-07-21,1.22
2021-07-22,0.61
2021-07-23,0.41
2021-07-26,1.04
2021-07-27,-0.39
2021-07-28,0.39
2021-07-29,0.26
2021-07-30,-0.14
2021-08-02,0.52
2021-08-03,0.47
2021-08-04,0.57
2021-08-05,-0.14
2021-08-06,-0.09
2021-08-09,-0.18
2021-08-10,0.12
2021-08-11,-0.01
2021-08-12,0.13
2021-08-13,-0.07
2021-08-16,-0.51
2021-08-17,-0.4
2021-08-18,-0.56
2021-08-19,-1.45
2021-08-20,0.23
2021-08-23,0.95
2021-08-24,-0.13
2021-08-25,0.62
2021-08-26,-0.28
2021-08-27,0.49
2021-08-30,0.34
2021-08-31,-0.43
2021-09-01,0.08
2021-09-02,0.38
2021-09-03,-0.03
2021-09-06,0.42
2021-09-07,0.33
2021-09-08,-0.43
2021-09-09,0.84
2021-09-10,0.55
2021-09-13,-0.07
2021-09-14,-0.03
2021-09-15,0.3
2021-09-16,0.48
2021-09-17,-0.36
2021-09-20,-1.51
2021-09-21,0.56
2021-09-22,0.65
2021-09-23,0.56
2021-09-24,-0.38
2021-09-27,-0.35
2021-09-28,-0.93
2021-09-29,0.08
2021-09-30,0.35
2021-10-01,0.0
2021-10-04,-0.64
2021-10-05,1.51
2021-10-06,-0.64
2021-10-07,0.37
2021-10-08,-0.22
2021-10-11,0.12
2021-10-12,0.35
2021-10-13,0.27
2021-10-14,0.87
2021-10-15,0.47
2021-10-18,0.32
2021-10-19,-0.04
2021-10-20,-0.5
2021-10-21,-0.24
2021-10-22,0.36
2021-10-25,0.86
2021-10-26,-0.31
2021-10-27,-0.4
2021-10-28,-0.19
2021-10-29,0.19
2021-11-01,0.38
2021-11-02,0.05
2021-11-03,0.68
2021-11-04,0.26
2021-11-05,-0.6
2021-11-08,0.83
2021-11-09,-0.33
2021-11-10,-0.72
2021-11-11,0.97
2021-11-12,0.08
2021-11-15,-0.1
2021-11-16,-0.08
2021-11-17,0.45
2021-11-18,0.54
2021-11-19,0.23
2021-11-22,0.02
2021-11-23,-1.22
2021-11-24,-0.04
2021-11-25,-0.01
2021-11-26,-0.24
2021-11-29,1.5
2021-11-30,0.53
2021-12-01,0.08
2021-12-02,-0.61
2021-12-03,-0.01
2021-12-06,-1.21
2021-12-07,1.3
2021-12-08,0.11
2021-12-09,0.31
2021-12-10,-0.06
2021-12-13,0.45
2021-12-14,-0.96
2021-12-15,1.05
2021-12-16,-0.06
2021-12-17,-1.47
2021-12-20,0.22
2021-12-21,-0.12
2021-12-22,0.57
2021-12-23,-0.19
2021-12-24,-0.04
2021-12-27,0.4
2021-12-28,0.27
2021-12-29,0.3
2021-12-30,-0.19
2021-12-31,-0.12
2022-01-03,-0.79
2022-01-04,-0.37
2022-01-05,0.04
2022-01-06,-0.69
2022-01-07,-0.61
2022-01-10,-2.04
2022-01-11,-0.18
2022-01-12,0.95
2022-01-13,-0.91
2022-01-14,-0.83
2022-01-17,0.56
2022-01-18,-0.47
2022-01-19,0.08
2022-01-20,-0.37
2022-01-21,-0.02
2022-01-24,-0.49
2022-01-25,0.3
2022-01-26,0.23
2022-01-27,-0.12
2022-01-28,0.22
2022-01-31,0.26
2022-02-01,0.41
2022-02-02,0.86
2022-02-03,-0.26
2022-02-04,-0.31
2022-02-07,0.04
2022-02-08,-0.19
2022-02-09,0.25
2022-02-10,-0.38
2022-02-11,0.12
2022-02-14,-0.34
2022-02-15,-0.02
2022-02-16,0.0
2022-02-17,0.72
2022-02-18,0.46
2022-02-21,0.53
2022-02-22,0.24
2022-02-23,0.52
2022-02-24,-0.54
2022-02-25,0.32
2022-02-28,-0.84
2022-03-01,1.22
2022-03-02,0.45
2022-03-03,0.85
2022-03-04,0.05
2022-03-07,0.13
2022-03-08,-1.43
2022-03-09,-0.34
2022-03-10,0.59
2022-03-11,-0.06
2022-03-14,0.24
2022-03-15,0.76
2022-03-16,-0.56
2022-03-17,0.81
2022-03-18,0.0
2022-03-21,1.06
2022-03-22,0.25
2022-03-23,0.91
2022-03-24,0.06
2022-03-25,0.5
2022-03-28,-0.17
2022-03-29,-2.18
2022-03-30,1.7
2022-03-31,0.82
2022-04-01,-0.16
2022-04-04,-0.21
2022-04-05,1.0
2022-04-06,1.42
2022-04-07,-0.04
2022-04-08,0.53
2022-04-11,0.74
2022-04-12,-0.02
2022-04-13,0.36
2022-04-14,0.18
2022-04-15,0.02
2022-04-18,0.03
2022-04-19,-0.47
2022-04-20,-0.16
2022-04-21,-0.79
2022-04-22,0.19
2022-04-25,-0.84
2022-04-26,0.99
2022-04-27,0.74
2022-04-28,-0.4
2022-04-29,-0.03
2022-05-02,-0.5
2022-05-03,-0.1
2022-05-04,-0.13
2022-05-05,0.81
2022-05-06,0.13
2022-05-09,-0.48
2022-05-10,-0.14
2022-05-11,-0.31
2022-05-12,-0.62
2022-05-13,-0.58
2022-05-16,0.96
2022-05-17,-0.59
2022-05-18,1.02
2022-05-19,-0.57
2022-05-20,0.05
2022-05-23,0.01
2022-05-24,1.43
2022-05-25,-0.1
2022-05-26,-1.27
2022-05-27,-1.32
2022-05-30,-1.25
2022-05-31,0.62
2022-06-01,0.49
2022-06-02,-0.43
2022-06-03,0.61
2022-06-06,-0.52
2022-06-07,0.79
2022-06-08,-0.62
2022-06-09,0.89
2022-06-10,0.8
2022-06-13,1.61
2022-06-14,0.89
2022-06-15,-1.02
2022-06-16,1.23
2022-06-17,-1.43
2022-06-20,0.24
2022-06-21,0.21
2022-06-22,-0.73
2022-06-23,-0.4
2022-06-24,-0.65
2022-06-27,-0.28
2022-06-28,0.62
2022-06-29,1.14
2022-06-30,0.25
2022-07-01,-1.42
2022-07-04,1.82
2022-07-05,-2.01
2022-07-06,-1.66
2022-07-07,0.28
2022-07-08,-0.04
2022-07-11,1.1
2022-07-12,-0.25
2022-07-13,0.43
2022-07-14,-0.02
2022-07-15,-0.4
2022-07-18,-0.51
2022-07-19,-0.78
2022-07-20,-1.22
2022-07-21,-1.39
2022-07-22,-0.14
2022-07-25,1.1
2022-07-26,2.12
2022-07-27,-0.4
2022-07-28,-1.52
2022-07-29,-1.4
2022-08-01,0.03
2022-08-02,1.55
2022-08-03,-1.8
2022-08-04,-1.12
2022-08-05,1.03
2022-08-08,-0.27
2022-08-09,2.4
2022-08-10,-2.47
2022-08-11,-0.41
2022-08-12,-0.33
2022-08-15,-0.03
2022-08-16,0.66
2022-08-17,1.66
2022-08-18,0.42
2022-08-19,1.58
2022-08-22,2.23
2022-08-23,0.65
2022-08-24,-0.14
2022-08-25,0.13
2022-08-26,1.16
2022-08-29,0.18
2022-08-30,-1.01
2022-08-31,-0.23
2022-09-01,1.24
2022-09-02,-0.61
2022-09-05,1.21
2022-09-06,-0.99
2022-09-07,-0.91
2022-09-08,0.3
2022-09-09,-0.79
2022-09-12,-1.01
2022-09-13,2.19
2022-09-14,0.67
2022-09-15,-0.1
2022-09-16,0.29
2022-09-19,0.04
2022-09-20,1.11
2022-09-21,0.55
2022-09-22,0.76
2022-09-23,-0.12
2022-09-26,-0.09
2022-09-27,1.17
2022-09-28,-0.69
2022-09-29,1.98
2022-09-30,-1.24
2022-10-03,-0.03
2022-10-04,-1.96
2022-10-05,1.31
2022-10-06,-0.53
2022-10-07,2.39
2022-10-10,-0.04
2022-10-11,0.23
2022-10-12,0.65
2022-10-13,-0.98
2022-10-14,-0.3
2022-10-17,-1.28
2022-10-18,-1.33
2022-10-19,1.39
2022-10-20,-0.38
2022-10-21,0.4
2022-10-24,-0.51
2022-10-25,-2.22
2022-10-26,-0.51
2022-10-27,0.56
2022-10-28,1.02
2022-10-31,0.32
2022-11-01,-0.62
2022-11-02,0.7
2022-11-03,1.49
2022-11-04,-1.64
2022-11-07,-1.47
2022-11-08,-2.13
2022-11-09,0.47
2022-11-10,-4.37
2022-11-11,-3.59
2022-11-14,0.22
2022-11-15,0.89
2022-11-16,1.96
2022-11-17,0.36
2022-11-18,-0.38
2022-11-21,0.84
2022-11-22,1.13
2022-11-23,-0.39
2022-11-24,-1.12
2022-11-25,0.68
2022-11-28,0.61
2022-11-29,1.1
2022-11-30,-0.05
2022-12-01,-1.44
2022-12-02,-0.75
2022-12-05,0.45
2022-12-06,1.31
2022-12-07,0.24
2022-12-08,0.22
2022-12-09,-0.75
2022-12-12,0.32
2022-12-13,-1.49
2022-12-14,0.33
2022-12-15,1.96
2022-12-16,1.23
2022-12-19,0.6
2022-12-20,1.05
2022-12-21,-0.79
2022-12-22,0.85
2022-12-23,-0.54
2022-12-26,-0.01
2022-12-27,0.18
2022-12-28,-0.13
2022-12-29,-0.81
2022-12-30,-0.03
2023-01-02,-0.81
2023-01-03,-1.16
2023-01-04,-1.75
2023-01-05,-0.26
2023-01-06,0.25
2023-01-09,-1.13
2023-01-10,0.48
2023-01-11,-0.78
2023-01-12,-0.72
2023-01-13,0.01
2023-01-16,-1.01
2023-01-17,0.57
2023-01-18,0.13
2023-01-19,1.18
2023-01-20,-0.37
2023-01-23,-0.95
2023-01-24,-0.17
2023-01-25,0.1
2023-01-26,-0.47
2023-01-27,-0.42
2023-01-30,0.51
2023-01-31,0.29
2023-02-01,-1.07
2023-02-02,-3.67
2023-02-03,0.99
2023-02-06,0.87
2023-02-07,0.67
2023-02-08,0.45
2023-02-09,0.58
2023-02-10,0.88
2023-02-13,0.53
2023-02-14,0.07
2023-02-15,0.09
2023-02-16,0.0
2023-02-17,0.13
2023-02-20,-0.41
2023-02-21,0.43
2023-02-22,0.04
2023-02-23,0.35
2023-02-24,0.29
2023-02-27,0.04
2023-02-28,0.49
2023-03-01,0.8
2023-03-02,-0.08
2023-03-03,-0.66
2023-03-06,0.11
2023-03-07,0.68
2023-03-08,0.41
2023-03-09,0.07
2023-03-10,0.06
2023-03-13,-1.53
2023-03-14,0.44
2023-03-15,-1.0
2023-03-16,0.08
2023-03-17,-0.06
2023-03-20,0.93
2023-03-21,0.92
2023-03-22,0.46
2023-03-23,-0.31
2023-03-24,-0.25
2023-03-27,0.46
2023-03-28,0.72
2023-03-29,0.07
2023-03-30,-0.52
2023-03-31,-0.52
2023-04-03,0.13
2023-04-04,0.03
2023-04-05,-0.22
2023-04-06,-0.53
2023-04-07,0.04
2023-04-10,0.03
2023-04-11,-0.05
2023-04-12,-0.06
2023-04-13,0.58
2023-04-14,0.06
2023-04-17,-0.41
2023-04-18,0.4
2023-04-19,0.23
2023-04-20,0.39
2023-04-21,0.16
2023-04-24,-0.15
2023-04-25,-0.02
2023-04-26,-0.13
2023-04-27,-0.14
2023-04-28,-0.74
2023-05-01,0.09
2023-05-02,0.54
2023-05-03,0.17
2023-05-04,-0.4
2023-05-05,-0.3
2023-05-08,0.31
2023-05-09,0.52
2023-05-10,-0.22
2023-05-11,0.5
2023-05-12,0.31
2023-05-15,-0.47
2023-05-16,0.53
2023-05-17,0.31
2023-05-18,0.18
2023-05-19,-0.08
2023-05-22,0.58
2023-05-23,-1.2
2023-05-24,0.17
2023-05-25,0.66
2023-05-26,0.38
2023-05-29,-0.15
2023-05-30,0.02
2023-05-31,-0.1
2023-06-01,-0.08
2023-06-02,-0.54
2023-06-05,-0.01
2023-06-06,-0.33
2023-06-07,-0.5
2023-06-08,0.19
2023-06-09,-0.04
2023-06-12,0.64
2023-06-13,0.09
2023-06-14,0.15
2023-06-15,-0.15
2023-06-16,0.28
2023-06-19,0.28
2023-06-20,0.06
2023-06-21,0.55
2023-06-22,-0.23
2023-06-23,-0.21
2023-06-26,0.2
2023-06-27,0.24
2023-06-28,-0.02
2023-06-29,0.74
2023-06-30,0.24
2023-07-03,-0.62
2023-07-04,-0.61
2023-07-05,0.15
2023-07-06,0.1
2023-07-07,0.29
2023-07-10,0.25
2023-07-11,-0.09
2023-07-12,-0.08
2023-07-13,-0.1
2023-07-14,0.59
2023-07-17,-0.05
2023-07-18,-0.48
2023-07-19,-1.37
2023-07-20,0.25
2023-07-21,0.26
2023-07-24,-0.39
2023-07-25,-0.48
2023-07-26,-0.49
2023-07-27,1.13
2023-07-28,0.5
2023-07-31,0.2
2023-08-01,0.2
2023-08-02,0.15
2023-08-03,-0.27
2023-08-04,-0.01
2023-08-07,0.48
2023-08-08,-0.02
2023-08-09,-0.26
2023-08-10,0.05
2023-08-11,-0.24
2023-08-14,0.12
2023-08-15,0.34
2023-08-16,0.03
2023-08-17,0.0
2023-08-18,0.05
2023-08-21,0.55
2023-08-22,0.12
2023-08-23,-0.38
2023-08-24,-0.32
2023-08-25,0.24
2023-08-28,0.37
2023-08-29,-0.24
2023-08-30,0.09
2023-08-31,-0.23
2023-09-01,-0.12
2023-09-04,0.14
2023-09-05,0.19
2023-09-06,0.06
2023-09-07,-0.19
2023-09-08,0.03
2023-09-11,-0.03
2023-09-12,0.06
2023-09-13,-0.38
2023-09-14,-0.3
2023-09-15,0.05
2023-09-18,0.19
2023-09-19,-0.06
2023-09-20,-0.28
2023-09-21,0.06
2023-09-22,-0.04
2023-09-25,0.13
2023-09-26,-0.02
2023-09-27,0.3
2023-09-28,0.44
2023-09-29,-0.38
2023-10-02,0.02
2023-10-03,0.1
2023-10-04,0.28
2023-10-05,-0.31
2023-10-06,0.62
2023-10-09,-0.68
2023-10-10,-0.17
2023-10-11,0.49
2023-10-12,0.58
2023-10-13,0.06
2023-10-16,0.03
2023-10-17,0.42
2023-10-18,-0.01
2023-10-19,-0.04
2023-10-20,-0.22
2023-10-23,0.88
2023-10-24,-0.1
2023-10-25,0.95
2023-10-26,-0.36
2023-10-27,-0.36
2023-10-30,0.27
2023-10-31,-0.36
2023-11-01,0.44
2023-11-02,-1.18
2023-11-03,-1.67
2023-11-06,0.44
2023-11-07,-0.07
2023-11-08,0.57
2023-11-09,-0.6
2023-11-10,0.91
2023-11-13,0.15
2023-11-14,-1.82
2023-11-15,-0.2
2023-11-16,0.59
2023-11-17,-0.01
2023-11-20,0.25
2023-11-21,0.64
2023-11-22,-0.03
2023-11-23,0.25
2023-11-24,0.08
2023-11-27,0.33
2023-11-28,0.2
2023-11-29,-0.39
2023-11-30,0.23
2023-12-01,-0.07
2023-12-04,-0.36
2023-12-05,-0.03
2023-12-06,-0.32
2023-12-07,-0.42
2023-12-08,0.18
2023-12-11,0.44
2023-12-12,0.49
2023-12-13,0.13
2023-12-14,-1.69
2023-12-15,0.06
2023-12-18,-0.11
2023-12-19,0.03
2023-12-20,-0.09
2023-12-21,-0.14
2023-12-22,0.04
2023-12-25,0.0
2023-12-26,-0.04
2023-12-27,-0.33
2023-12-28,0.04
2023-12-29,-0.09
2024-01-01,0.01
2024-01-02,0.31
2024-01-03,0.3
2024-01-04,0.28
2024-01-05,0.18
2024-01-08,0.41
2024-01-09,0.3
2024-01-10,0.79
2024-01-11,0.23
2024-01-12,0.45
2024-01-15,0.15
2024-01-16,0.39
2024-01-17,0.89
2024-01-18,0.18
2024-01-19,0.26
2024-01-22,0.06
2024-01-23,-0.9
2024-01-24,0.17
2024-01-25,0.37
2024-01-26,-1.83
2024-01-29,-0.01
2024-01-30,0.71
2024-01-31,-0.01
2024-02-01,0.37
2024-02-02,0.04
2024-02-05,0.47
2024-02-06,-0.26
2024-02-07,0.45
2024-02-08,-0.67
2024-02-09,0.31
2024-02-12,-0.41
2024-02-13,0.37
2024-02-14,0.35
2024-02-15,-0.61
2024-02-16,0.0
2024-02-19,0.38
2024-02-20,0.38
2024-02-21,-0.16
2024-02-22,0.14
2024-02-23,0.18
2024-02-26,0.62
2024-02-27,-0.73
2024-02-28,0.71
2024-02-29,0.5
2024-03-01,0.06
2024-03-04,0.93
2024-03-05,0.04
2024-03-06,-0.26
2024-03-07,0.36
2024-03-08,0.04
2024-03-11,-0.59
2024-03-12,0.58
2024-03-13,0.1
2024-03-14,0.69
2024-03-15,0.41
2024-03-18,0.23
2024-03-19,0.37
2024-03-20,0.12
2024-03-21,0.3
2024-03-22,-0.41
2024-03-25,-0.08
2024-03-26,-0.24
2024-03-27,-0.58
2024-03-28,-0.24
2024-03-29,0.01
2024-04-01,-0.13
2024-04-02,-0.04
2024-04-03,0.19
2024-04-04,-0.6
2024-04-05,0.79
2024-04-08,0.05
2024-04-09,-1.08
2024-04-10,0.38
2024-04-11,-0.11
2024-04-12,0.13
2024-04-15,0.58
2024-04-16,-0.13
2024-04-17,0.06
2024-04-18,0.02
2024-04-19,-0.45
2024-04-22,-0.3
2024-04-23,0.79
2024-04-24,0.0
2024-04-25,-0.22
2024-04-26,0.17
2024-04-29,-0.46
2024-04-30,-0.06
2024-05-01,0.01
2024-05-02,-0.48
2024-05-03,-0.39
2024-05-06,0.47
2024-05-07,0.09
2024-05-08,-0.1
2024-05-09,-0.3
2024-05-10,-0.14
2024-05-13,-0.02
2024-05-14,-0.55
2024-05-15,-0.02
2024-05-16,-0.41
2024-05-17,0.37
2024-05-20,0.11
2024-05-21,0.68
2024-05-22,-0.19
2024-05-23,0.64
2024-05-24,0.55
2024-05-27,-0.28
2024-05-28,-0.01
2024-05-29,0.52
2024-05-30,-0.39
2024-05-31,0.16
2024-06-03,-0.36
2024-06-04,-0.46
2024-06-05,0.4
2024-06-06,0.13
2024-06-07,-0.02
2024-06-10,0.74
2024-06-11,-0.16
2024-06-12,0.61
2024-06-13,-0.25
2024-06-14,-0.25
2024-06-17,0.42
2024-06-18,0.53
2024-06-19,0.51
2024-06-20,0.3
2024-06-21,-0.27
2024-06-24,-0.23
2024-06-25,0.05
2024-06-26,0.37
2024-06-27,0.73
2024-06-28,0.32
2024-07-01,0.15
2024-07-02,-0.02
2024-07-03,-0.12
2024-07-04,-0.04
2024-07-05,-0.29
2024-07-08,0.55
2024-07-09,0.3
2024-07-10,-0.18
2024-07-11,-0.52
2024-07-12,0.1
2024-07-15,0.55
2024-07-16,0.55
2024-07-17,-1.69
2024-07-18,-1.0
2024-07-19,0.8
2024-07-22,0.14
2024-07-23,0.83
2024-07-24,-0.47
2024-07-25,-0.72
2024-07-26,0.13
2024-07-29,0.47
2024-07-30,0.34
2024-07-31,0.1
2024-08-01,-0.42
2024-08-02,-1.63
2024-08-05,-0.33
2024-08-06,0.56
2024-08-07,0.15
2024-08-08,0.42
2024-08-09,0.74
2024-08-12,0.17
2024-08-13,0.31
2024-08-14,0.24
2024-08-15,0.26
2024-08-16,0.25
2024-08-19,-0.24
2024-08-20,0.22
2024-08-21,-0.12
2024-08-22,0.33
2024-08-23,-0.18
2024-08-26,-0.33
2024-08-27,0.2
2024-08-28,0.39
2024-08-29,0.14
2024-08-30,0.31
2024-09-02,-0.01
2024-09-03,-0.26
2024-09-04,0.05
2024-09-05,-0.51
2024-09-06,0.13
2024-09-09,0.48
2024-09-10,0.6
2024-09-11,0.25
2024-09-12,0.81
2024-09-13,-0.14
2024-09-16,0.51
2024-09-17,-0.62
2024-09-18,-0.21
2024-09-19,0.5
2024-09-20,0.9
2024-09-23,0.16
2024-09-24,-0.99
2024-09-25,0.16
2024-09-26,-1.08
2024-09-27,-1.35
2024-09-30,0.45
2024-10-01,-0.24
2024-10-02,-0.05
2024-10-03,0.08
2024-10-04,0.0
2024-10-07,-0.4
2024-10-08,1.36
2024-10-09,0.15
2024-10-10,-0.24
2024-10-11,0.61
2024-10-14,0.76
2024-10-15,0.76
2024-10-16,0.47
2024-10-17,0.08
2024-10-18,-0.72
2024-10-21,0.01
2024-10-22,-0.2
2024-10-23,-0.07
2024-10-24,-0.18
2024-10-25,-0.01
2024-10-28,0.46
2024-10-29,0.37
2024-10-30,0.22
2024-10-31,-0.29
2024-11-01,0.24
2024-11-04,-0.11
2024-11-05,0.48
2024-11-06,0.58
2024-11-07,-0.38
2024-11-08,0.83
2024-11-11,0.32
2024-11-12,0.43
2024-11-13,0.27
2024-11-14,-0.64
2024-11-15,-0.33
2024-11-18,0.04
2024-11-19,0.55
2024-11-20,0.41
2024-11-21,0.54
2024-11-22,0.0
2024-11-25,-0.92
2024-11-26,0.27
2024-11-27,0.19
2024-11-28,-0.09
2024-11-29,0.05
2024-12-02,0.41
2024-12-03,0.4
2024-12-04,0.0
2024-12-05,0.0
2024-12-06,-0.87
2024-12-09,-1.69
2024-12-10,0.03
2024-12-11,0.43
2024-12-12,0.12
2024-12-13,0.36
2024-12-16,0.83
2024-12-17,-0.47
2024-12-18,0.1
2024-12-19,0.34
2024-12-20,-0.12
2024-12-23,-0.08
2024-12-24,0.14
2024-12-25,0.01
2024-12-26,-0.07
2024-12-27,-0.39
2024-12-30,-0.1
2024-12-31,-0.29
